login,server
433600611,Exness-MT5Trial7
433600608,Exness-MT5Trial7
463420484,Exness-MT5Trial17
413776415,Exness-MT5Trial6
433600607,Exness-MT5Trial7
463420482,Exness-MT5Trial17
413776411,Exness-MT5Trial6
433600604,Exness-MT5Trial7
415724885,Exness-MT5Trial14
433600602,Exness-MT5Trial7
433600601,Exness-MT5Trial7
463420479,Exness-MT5Trial17
433600596,Exness-MT5Trial7
433600595,Exness-MT5Trial7
463420478,Exness-MT5Trial17
463420476,Exness-MT5Trial17
433600592,Exness-MT5Trial7
463420475,Exness-MT5Trial17
415724877,Exness-MT5Trial14
433600587,Exness-MT5Trial7
463420473,Exness-MT5Trial17
433600586,Exness-MT5Trial7
433600584,Exness-MT5Trial7
433600583,Exness-MT5Trial7
433600582,Exness-MT5Trial7
415724874,Exness-MT5Trial14
413776398,Exness-MT5Trial6
413776397,Exness-MT5Trial6
413776396,Exness-MT5Trial6
415724871,Exness-MT5Trial14
413776395,Exness-MT5Trial6
463420470,Exness-MT5Trial17
463416009,Exness-MT5Trial17
433573494,Exness-MT5Trial7
463406601,Exness-MT5Trial17
433573485,Exness-MT5Trial7
433573483,Exness-MT5Trial7
433573482,Exness-MT5Trial7
433573479,Exness-MT5Trial7
